{"cameraMode":{"drawMode":0,"name":"Shaded","section":"Shading Mode"},"sceneLighting":false,"audioPlay":false,"sceneViewState":{"m_AlwaysRefresh":false,"showFog":true,"showSkybox":false,"showFlares":true,"showImageEffects":true,"showParticleSystems":true,"showVisualEffectGraphs":true,"m_FxEnabled":true},"in2DMode":false,"pivot":{"x":0.05852818489074707,"y":-0.23793070018291474,"z":4.900031089782715},"rotation":{"x":-0.5281557440757752,"y":0.029789431020617486,"z":-0.018544787541031839,"w":-0.8484240174293518},"size":1.3234022855758668,"orthographic":false}