{"cameraMode":{"drawMode":0,"name":"Shaded","section":"Shading Mode"},"sceneLighting":false,"audioPlay":false,"sceneViewState":{"m_AlwaysRefresh":false,"showFog":true,"showSkybox":false,"showFlares":true,"showImageEffects":true,"showParticleSystems":true,"showVisualEffectGraphs":true,"m_FxEnabled":true},"in2DMode":false,"pivot":{"x":-0.06890451908111572,"y":4.453774929046631,"z":-0.0688931941986084},"rotation":{"x":-0.35376739501953127,"y":-0.03170211240649223,"z":0.011998409405350685,"w":-0.9347317218780518},"size":2.5010249614715578,"orthographic":false}