{"cameraMode":{"drawMode":0,"name":"Shaded","section":"Shading Mode"},"sceneLighting":false,"audioPlay":false,"sceneViewState":{"m_AlwaysRefresh":false,"showFog":true,"showSkybox":false,"showFlares":true,"showImageEffects":true,"showParticleSystems":true,"showVisualEffectGraphs":true,"m_FxEnabled":true},"in2DMode":false,"pivot":{"x":0.027273893356323243,"y":-0.024617910385131837,"z":0.07047200202941895},"rotation":{"x":-0.3693213164806366,"y":-0.011989772319793702,"z":0.004765971098095179,"w":-0.9292193055152893},"size":3.1096973419189455,"orthographic":false}